{"_runtime":0.443238,"_step":0,"accuracy":1,"_timestamp":1.741821061595762e+09,"_wandb":{"runtime":0}}