{"accuracy":1,"_timestamp":1.741821024255612e+09,"_runtime":0.373395,"_step":0,"_wandb":{"runtime":0}}