{"_runtime":0.543004,"_step":0,"_wandb":{"runtime":0},"accuracy":1,"_timestamp":1.741799206787775e+09}