{"acccuracy":0.79,"_timestamp":1.741798730634597e+09,"_runtime":0.523251,"_step":0,"_wandb":{"runtime":0}}