{"_runtime":0.363308,"_step":0,"accuracy":1,"_wandb":{"runtime":0},"_timestamp":1.741821019514752e+09}