{"_step":0,"_wandb":{"runtime":0},"accuracy":1,"_timestamp":1.741821030093046e+09,"_runtime":0.629632}