{"accuracy":1,"_timestamp":1.741803702264083e+09,"_runtime":0.464819,"_step":0,"_wandb":{"runtime":0}}