{"accuracy":1,"_timestamp":1.741821034813149e+09,"_runtime":0.383734,"_step":0,"_wandb":{"runtime":0}}