{"accuracy":1,"_timestamp":1.741821055870242e+09,"_runtime":0.367514,"_wandb":{"runtime":0},"_step":0}