{"accuracy":1,"_timestamp":1.741821040527272e+09,"_runtime":0.372872,"_step":0,"_wandb":{"runtime":0}}