{"_timestamp":1.741821045324897e+09,"_runtime":0.434795,"_step":0,"_wandb":{"runtime":0},"accuracy":1}