{"_timestamp":1.741821051139885e+09,"_runtime":0.391227,"_step":0,"_wandb":{"runtime":0},"accuracy":1}